,link,title,price
0,https://www.etsy.com/listing/1284247077,The Sandman Shirt,"481,687đ"
1,https://www.etsy.com/listing/1263251336,"Thanksgiving Shirt, Gobble Shirt, Thanksgiving Family Shirt, Thanksgiving Pumpkin Shirt, Thanksgiving Dinner Shirt, Fall Shirt","204,819đ"
2,https://www.etsy.com/listing/792582883,"Personalized Shirt, Add Your Own Text, Custom Logo Shirts, Custom Design Shirt, Customized Shirts, Custom Text on Shirt, Custom Family","306,988đ"
3,https://www.etsy.com/listing/1208742388,"American offroad sweatshirt, Offroad forest shirt, USA Flag sweatshirt, US Offroad, 4WD offroad shirt, Amarican Flag, 4wd Flag Usa","867,229đ"
4,https://www.etsy.com/listing/1148863964,"Front And Back Custom Shirt, Custom Tshirt, Inspired Shirt, Custom Shirt, Inspired Text, Custom Text Shirt","173,253đ"
5,https://www.etsy.com/listing/863470640,Custom Birthday Shirt Best Friends T-Shirt Birthday shirt Social Distancing Birthday The one where tshirt age birthday your name,"235,632đ"
6,https://www.etsy.com/listing/1266275752,Ghost Opus Eponymous Meliora Prequelle Popestar Official Tee T-Shirt Mens Unisex,"492,241đ"
7,https://www.etsy.com/listing/683576510,Reality Glitch Men's A New Dawn T-Shirt,"287,069đ"
8,https://www.etsy.com/listing/891608487,Seed Of Life Shirt For Men- Sacred Geometry Tee Flower Of Life Men's T-shirt Psytrance Clothing Goa Burning Man Festival Clothes,"1,012,048đ"
9,https://www.etsy.com/listing/1010901727,"Custom Shirt, Customize your Own Shirt with Text, Custom made shirt, Personalized T-Shirt, Custom Text","231,325đ"
10,https://www.etsy.com/listing/949900414,"Don't Even Look at Me T-Shirt, Antisocial Funny Slogan Shirt, Unisex Adult Tee","430,747đ"
11,https://www.etsy.com/listing/709311749,"Organic cotton, feminist t-shirt, feminism shirt, nail polish t-shirt, gift for girl, gift for best friend","346,988đ"
12,https://www.etsy.com/listing/1212932630,"Pickleball Shirt, Peace Love, Funny Pickleball T-Shirt, Pickleball Player Gift, Pickleball Coach, I can't I have pickleball, Queen","339,759đ"
13,https://www.etsy.com/listing/1282434131,"Arsenal Mikel Arteta T Shirt, Arteta Passion Clarity Shirt, Gunners T Shirt, Gooner T Shirt, Arsenal Football Soccer Gift Present","775,862đ"
14,https://www.etsy.com/listing/1286870679,"Tis The Season To Be Spooky Shirts, Spooky Shirts, Halloween Sweatshirts, Happy Halloween Shirts, Halloween Party Shirts, Gift For Halloween","313,253đ"
15,https://www.etsy.com/listing/1161780594,"Thats My Girl Shirt, Volleyball Shirt, Volleyball Mom, Sports Tee for Women, Cheering Mom, Game Day Shirt, Cool Mom T-shirt, Gift for Mom","360,723đ"
16,https://www.etsy.com/listing/1010925235,DJ Baby Groot Men's T-Shirt Music Guardians Headphones Funny Disco Yoda Mixing Decks,"285,920đ"
17,https://www.etsy.com/listing/1007287952,Grandad Mischief Men's Funny T Shirt Birthday Gift Grandad Fathers Day Dads,"285,920đ"
18,https://www.etsy.com/listing/1010909849,Pizza Slut T-Shirt Funny Food Parody BBQ Party Offensive Rude Men's Top,"285,920đ"
19,https://www.etsy.com/listing/735977355,De Havilland Mosquito - British Aircraft / military t-shirt with blueprint design,"516,954đ"
20,https://www.etsy.com/listing/879906678,"I'm Thinking T-Shirt, Computer Loading, Adult Funny Slogan Shirt","430,747đ"
21,https://www.etsy.com/listing/660961551,"Airvolution - Sopwich Camel, Spitfire & F-35 Blueprint T-Shirt – 100 years of the RAF/ military t-shirt with blueprint design","516,954đ"
22,https://www.etsy.com/listing/1008501034,Music instrument Tree T-Shirt Tree of Life Tribal Gift Guitar Tree Rock Top Tee,"285,920đ"
23,https://www.etsy.com/listing/1010411633,DJ BABY GROOT Standing T-Shirt Headphones Music Galaxy Party Disco Men's Yoda Top,"285,920đ"
24,https://www.etsy.com/listing/1160396763,"Team Bride Shirts, Bride Shirt, Bachelorette Party Shirts, Bridesmaid Shirts, Bridesmaid Proposal Gift, Bachelorette Shirts, Squad Shirt","411,807đ"
25,https://www.etsy.com/listing/1272610592,"Unfavorable Attendance Mix Shirt, Unfavorable Attendance Mix Gift, Unfavorable Attendance Mix Tshirt Sweatshirt Gifts Tee Shirts","215,663đ"
26,https://www.etsy.com/listing/894144369,"It's Fine I'm Fine Everything Is Fine Shirt, Funny Shirts, Matching Shirts, Family Trip Shirts, Family Trip Matching Outfit,","240,723đ"
27,https://www.etsy.com/listing/1056809315,"Acotar Velaris Tshirt, Night Court symbol, Gift,Sarah J Maas A Court of Thorns and Roses Court of Dreams shirt. Gift for the Rhysand fangirl","288,916đ"
28,https://www.etsy.com/listing/894397503,"Preggers T-Shirt, Mum To Be Shirt, Expecting Tee, Funny Pregnancy Gift","430,747đ"
29,https://www.etsy.com/listing/890559683,"Bored T-Shirt, Funny Slogan Shirt, Unisex Adult Tee","430,747đ"
30,https://www.etsy.com/listing/1273173571,Vintage ADIDAS Germany mercedes jersey shirt men size: XL /Adidas Deutschland Jersey Shirt/football Sportswear shirt/vintage clothing men,"1,084,337đ"
31,https://www.etsy.com/listing/569165802,Spitfire Supermarine - British Aircraft / military t-shirt with blueprint design,"516,954đ"
32,https://www.etsy.com/listing/1030879008,Charlie Chaplin T-Shirt/Funny/Joke/Fun/Party/Joker/Gift/Xmas/t-shirt/Top/Tee,"285,920đ"
33,https://www.etsy.com/listing/1025252639,Perfecting Grumpy Old Git Men's Funny T Shirt/Gift for Him Dad Grandad Birthday,"285,920đ"
34,https://www.etsy.com/listing/1253953848,"Wild One & Mild One Kids T-Shirt Set, Birthday Party Gift for Twins, Cousins or Best Friends","718,103đ"
35,https://www.etsy.com/listing/1054861238,Womens NightShirt - Block Print Shirts - Long Shirts - Sleepshirt - Cotton Blouse - Nightshirt - Beachwear,"862,069đ"
36,https://www.etsy.com/listing/1112385474,"Admit It Life Would Be Boring Without Me Shirt, Life Without Me Funny Shirt , Birthday Shirt, Christmas Shirt,Sarcastic shirt","262,169đ"
37,https://www.etsy.com/listing/1159442460,"Octonauts birthday shirt, Octonauts theme birthday party shirt, Family matching Octonauts shirts, Octonauts Personalized birthday shirt","235,422đ"
38,https://www.etsy.com/listing/1182235999,Teacher T-Shirt • It's A Beautiful Day For Learning Shirt • Gift for Teacher • Pastel Text Tshirt • Teacher Life • Gift For Teacher (TEA-15),"288,916đ"
39,https://www.etsy.com/listing/1054566244,"Hello Fall Shirt, Fall Shirt, Thanksgiving Shirt, Thankful Shirt, Shirts For Thanksgiving, Thanksgiving Family Shirts, Thanksgiving","409,398đ"
40,https://www.etsy.com/listing/858349535,"Protect trans youth t-shirt, pride apparel, inclusive sizing","632,184đ"
41,https://www.etsy.com/listing/1032868491,"Abstract Face T Shirt, Crew Neck T-shirt, Modern, Women's Clothing","631,897đ"
42,https://www.etsy.com/listing/1217928166,"CUSTOM SHIRT,unisex tank shirt, Customized Apparel, Personalized T-shirt,  Custom Unisex Shirts, Custom T-shirts","590,120đ"
43,https://www.etsy.com/listing/582982457,Mig-15 - Russian Aircraft / military t-shirt with blueprint design,"516,954đ"
44,https://www.etsy.com/listing/1053125408,Attractive Mens Boys Hot Police Uniform Shirt Genuine Soft Lambskin Leather,"4,102,169đ"
45,https://www.etsy.com/listing/735984025,Panavia Tornado - British Aircraft / military t-shirt with blueprint design,"516,954đ"
46,https://www.etsy.com/listing/1044327697,Christmas Tree Rex Men's T-Shirt/Tea Rex/Dinosaur/Lights/Xmas Gift/Funny/T-shirt Top,"285,920đ"
47,https://www.etsy.com/listing/1030910374,I Love Rasta Kids Men's T-shirt/Ragga/Children/Headphone/Bob Marley/Music/Dj/t-shirt,"285,920đ"
48,https://www.etsy.com/listing/1164874598,Cowpal trio in pink | valentines day | opossum | raccoon | frog | possum | Short-Sleeve Unisex T-Shirt,"602,410đ"
49,https://www.etsy.com/listing/1029863734,Tree Of Music Men's T-Shirt/Tribal/Tree of life/Oak King/Air Guitar/Note/Metal/Base,"285,920đ"
50,https://www.etsy.com/listing/894455539,"Let Me Know If My Biceps Get In Your Way T-Shirt, Training Shirt, Gym Lovers Gift","430,747đ"
51,https://www.etsy.com/listing/893752315,"Favourite Son T-Shirt, Adult Sibling Rivalry Tee, Funny Birthday Gift","430,747đ"
52,https://www.etsy.com/listing/1108904833,Birdhouse Taxidermy T-Shirts and Long Sleeve Tops,"431,034đ"
53,https://www.etsy.com/listing/1056988212,"New Striped Silk Pajamas, 19mm Pure Mulberry Silk Homewears, Zebra Stripes Silk Shirts+Pants Sets, Silk Eye Mask, Silk Headband","421,687đ"
54,https://www.etsy.com/listing/1265144190,"Bride t-shirt, bride party, bachelorette party shirt, hen do party, future Mrs bride t-shirt","465,517đ"
55,https://www.etsy.com/listing/1020566166,Ouchie! T-Shirt - Sketch Drawing Wade Wilson Francis Inspired Fan Kids Men's Top,"285,920đ"
56,https://www.etsy.com/listing/1231773123,"CUSTOM PHOTO SHIRT, Personalized T-shirt,  Custom Unisex Shirts, Gift ideas","590,120đ"
57,https://www.etsy.com/listing/901960681,"Funny COFFEE T-Shirt, Bring me Coffee, Coffee Lover Gift","430,747đ"
58,https://www.etsy.com/listing/1030842048,Vintage Life Vespa T-Shirt/Biker/Motorcycle/Scooter/Rider/Retro Mod Sca/New/Top,"285,920đ"
59,https://www.etsy.com/listing/877157104,"It's Not Me It's You T-Shirt, Funny Slogan TShirt, Unisex Adults Dating Tee","430,747đ"
60,https://www.etsy.com/listing/1198604028,DIADORA soccer blue shirt men jersey | Football team training retro sports rugby polo short sleeves shirt top | 90s street wear | Large size,"614,458đ"
61,https://www.etsy.com/listing/643248857,FCK Nazis T Shirt - Black Lives Matter Shirt / BLM Shirt / Protest Shirt / Feminist Shirt / Trump Protest T Shirt / Gay Pride Feminist,"333,046đ"
62,https://www.etsy.com/listing/1117816808,"Charlie Swan Vintage 90's Tee, Billy Burke Fan Made Tee, Team Charlie Tee, The Original Shirt, Twilight Shirt, Twitlight Movie Shirt,Meme SA","240,723đ"
63,https://www.etsy.com/listing/725827375,Halloween Disneyworld Icons Shirt / Halloween Disney World Park Icon Shirt / Halloween Disneyworld Shirt / Halloween Disneyworld Park Goals,"600,739đ"
